ID,Prediction
1171,Did Not Quit
1172,Did Not Quit
1173,Did Not Quit
1174,Did Not Quit
1175,Did Not Quit
1176,Did Not Quit
1177,Did Not Quit
1178,Quit
1179,Did Not Quit
1180,Did Not Quit
1181,Did Not Quit
1182,Did Not Quit
1183,Did Not Quit
1184,Did Not Quit
1185,Did Not Quit
1186,Did Not Quit
1187,Did Not Quit
1188,Did Not Quit
1189,Quit
1190,Quit
1191,Quit
1192,Did Not Quit
1193,Quit
1194,Did Not Quit
1195,Did Not Quit
1196,Did Not Quit
1197,Did Not Quit
1198,Did Not Quit
1199,Quit
1200,Did Not Quit
1201,Quit
1202,Quit
1203,Quit
1204,Quit
1205,Quit
1206,Quit
1207,Did Not Quit
1208,Quit
1209,Did Not Quit
1210,Quit
1211,Did Not Quit
1212,Did Not Quit
1213,Did Not Quit
1214,Did Not Quit
1215,Did Not Quit
1216,Quit
1217,Did Not Quit
1218,Did Not Quit
1219,Did Not Quit
1220,Did Not Quit
1221,Did Not Quit
1222,Did Not Quit
1223,Did Not Quit
1224,Quit
1225,Did Not Quit
1226,Quit
1227,Quit
1228,Did Not Quit
1229,Did Not Quit
1230,Quit
1231,Did Not Quit
1232,Did Not Quit
1233,Quit
1234,Did Not Quit
1235,Did Not Quit
1236,Quit
1237,Did Not Quit
1238,Did Not Quit
1239,Did Not Quit
1240,Did Not Quit
1241,Did Not Quit
1242,Quit
1243,Quit
1244,Did Not Quit
1245,Quit
1246,Did Not Quit
1247,Did Not Quit
1248,Quit
1249,Did Not Quit
1250,Did Not Quit
1251,Quit
1252,Did Not Quit
1253,Did Not Quit
1254,Quit
1255,Quit
1256,Did Not Quit
1257,Quit
1258,Quit
1259,Did Not Quit
1260,Quit
1261,Quit
1262,Did Not Quit
1263,Did Not Quit
1264,Quit
1265,Quit
1266,Did Not Quit
1267,Did Not Quit
1268,Quit
1269,Did Not Quit
1270,Quit
1271,Did Not Quit
1272,Quit
1273,Did Not Quit
1274,Did Not Quit
1275,Did Not Quit
1276,Quit
1277,Quit
1278,Did Not Quit
1279,Did Not Quit
1280,Did Not Quit
1281,Quit
1282,Quit
1283,Did Not Quit
1284,Did Not Quit
1285,Did Not Quit
1286,Did Not Quit
1287,Did Not Quit
1288,Quit
1289,Quit
1290,Did Not Quit
1291,Quit
1292,Quit
1293,Did Not Quit
1294,Quit
1295,Quit
1296,Quit
1297,Quit
1298,Did Not Quit
1299,Did Not Quit
1300,Did Not Quit
1301,Did Not Quit
1302,Did Not Quit
1303,Did Not Quit
1304,Did Not Quit
1305,Did Not Quit
1306,Quit
1307,Did Not Quit
1308,Did Not Quit
1309,Quit
1310,Quit
1311,Did Not Quit
1312,Quit
1313,Quit
1314,Did Not Quit
1315,Did Not Quit
1316,Did Not Quit
1317,Did Not Quit
1318,Quit
1319,Did Not Quit
1320,Did Not Quit
1321,Quit
1322,Did Not Quit
1323,Did Not Quit
1324,Did Not Quit
1325,Did Not Quit
1326,Did Not Quit
1327,Did Not Quit
1328,Did Not Quit
1329,Quit
1330,Did Not Quit
1331,Did Not Quit
1332,Did Not Quit
1333,Did Not Quit
1334,Did Not Quit
1335,Quit
1336,Did Not Quit
1337,Quit
1338,Did Not Quit
1339,Did Not Quit
1340,Did Not Quit
1341,Did Not Quit
1342,Did Not Quit
1343,Did Not Quit
1344,Did Not Quit
1345,Did Not Quit
1346,Quit
1347,Did Not Quit
1348,Quit
1349,Did Not Quit
1350,Did Not Quit
1351,Did Not Quit
1352,Quit
1353,Did Not Quit
1354,Did Not Quit
1355,Did Not Quit
1356,Quit
1357,Did Not Quit
1358,Did Not Quit
1359,Did Not Quit
1360,Quit
1361,Quit
1362,Did Not Quit
1363,Quit
1364,Quit
1365,Did Not Quit
1366,Did Not Quit
1367,Did Not Quit
1368,Did Not Quit
1369,Did Not Quit
1370,Quit
1371,Did Not Quit
1372,Did Not Quit
1373,Did Not Quit
1374,Did Not Quit
1375,Did Not Quit
1376,Did Not Quit
1377,Quit
1378,Quit
1379,Did Not Quit
1380,Did Not Quit
1381,Did Not Quit
1382,Did Not Quit
1383,Did Not Quit
1384,Quit
1385,Quit
1386,Did Not Quit
1387,Did Not Quit
1388,Did Not Quit
1389,Quit
1390,Quit
1391,Did Not Quit
1392,Did Not Quit
1393,Did Not Quit
1394,Did Not Quit
1395,Quit
1396,Quit
1397,Did Not Quit
1398,Quit
1399,Did Not Quit
1400,Did Not Quit
1401,Did Not Quit
1402,Did Not Quit
1403,Did Not Quit
1404,Did Not Quit
1405,Quit
1406,Quit
1407,Quit
1408,Did Not Quit
1409,Quit
1410,Did Not Quit
1411,Did Not Quit
1412,Quit
1413,Did Not Quit
1414,Did Not Quit
1415,Quit
1416,Quit
1417,Did Not Quit
1418,Quit
1419,Did Not Quit
1420,Did Not Quit
1421,Did Not Quit
1422,Quit
1423,Quit
1424,Quit
1425,Did Not Quit
1426,Did Not Quit
1427,Did Not Quit
1428,Quit
1429,Did Not Quit
1430,Did Not Quit
1431,Did Not Quit
1432,Did Not Quit
1433,Did Not Quit
1434,Did Not Quit
1435,Did Not Quit
1436,Did Not Quit
1437,Did Not Quit
1438,Quit
1439,Did Not Quit
1440,Did Not Quit
1441,Quit
1442,Quit
1443,Did Not Quit
1444,Quit
1445,Quit
1446,Did Not Quit
1447,Did Not Quit
1448,Did Not Quit
1449,Did Not Quit
1450,Quit
1451,Did Not Quit
1452,Quit
1453,Did Not Quit
1454,Did Not Quit
1455,Did Not Quit
1456,Did Not Quit
1457,Quit
1458,Quit
1459,Did Not Quit
1460,Quit
1461,Did Not Quit
1462,Quit
1463,Did Not Quit
1464,Quit
1465,Did Not Quit
1466,Quit
1467,Quit
1468,Did Not Quit
1469,Did Not Quit
1470,Quit
